# Violent crime per 100k, FBI CDE, 09-2025..08-2026
town	state	lat	lon	population	rate	radius_km	ori
Addison	IL	41.85206	-88.08604	35753	143	2.75	IL0220100
Albers	IL	38.60642	-89.42314	1121	0	1.5	IL0140600
Aledo	IL	41.20189	-90.74921	3498	38	1.5	IL0660100
Algonquin	IL	42.16487	-88.32327	30758	75	2.55	IL0560100
Alsip	IL	41.66919	-87.73162	18361	196	1.97	IL0160100
Altamont	IL	39.06197	-88.74908	2195	50	1.5	IL0250100
Alton	IL	38.88789	-90.16055	24803	774	2.29	IL0600100
Amboy	IL	41.71373	-89.33026	2211	0	1.5	IL0520200
Antioch	IL	42.47915	-88.09838	15234	79	1.8	IL0490100
Arcola	IL	39.68454	-88.3066	2911	0	1.5	IL0210100
Arlington Heights	IL	42.08178	-87.98046	75155	37	3.99	IL0160200
Arthur	IL	39.71689	-88.47198	2279	176	1.5	IL0210200
Ashland	IL	39.88783	-90.00718	1181	0	1.5	IL0090100
Athens	IL	40.02257	-89.79413	1888	191	1.5	IL0650200
Atwood	IL	39.79919	-88.52839	1092	183	1.5	IL0210300
Auburn	IL	39.59186	-89.74429	4430	23	1.5	IL0840300
Aviston	IL	38.60642	-89.42314	2455	0	1.5	IL0140700
Bannockburn	IL	42.19422	-87.86727	1377	0	1.5	IL0492700
Barrington	IL	42.16161	-88.1434	10592	85	1.5	IL0160300
Barrington Hills	IL	42.19712	-88.2176	4076	0	1.5	IL0160400
Bartlett	IL	41.99086	-88.18454	40644	42	2.94	IL0160500
Bartonville	IL	40.65015	-89.652	5813	310	1.5	IL0720100
Batavia	IL	41.85216	-88.30853	26566	66	2.37	IL0450200
Beecher	IL	41.44847	-87.97846	4733	85	1.5	IL0990100
Belleville	IL	38.51258	-89.9842	40142	423	2.92	IL0820200
Bellwood	IL	41.89429	-87.64545	17990	309	1.95	IL0160700
Belvidere	IL	42.31898	-88.8243	25339	189	2.32	IL0040100
Bement	IL	39.92289	-88.5732	1445	151	1.5	IL0740100
Bensenville	IL	41.85206	-88.08604	18594	59	1.99	IL0220200
Berkeley	IL	41.88213	-87.91366	5115	20	1.5	IL0160800
Berwyn	IL	41.83604	-87.78745	54703	164	3.41	IL0160900
Bethalto	IL	38.91074	-90.04062	9151	95	1.5	IL0600200
Bethany	IL	39.64544	-88.73726	1185	92	1.5	IL0700100
Bloomington	IL	40.49456	-88.84454	79368	311	4.1	IL0570100
Blue Island	IL	41.65621	-87.68256	21643	310	2.14	IL0161000
Blue Mound	IL	39.86024	-88.96153	1080	0	1.5	IL0580100
Bolingbrook	IL	41.69815	-88.08173	74990	165	3.99	IL0990200
Bourbonnais	IL	41.13951	-87.86112	18080	94	1.96	IL0460300
Bradley	IL	41.13951	-87.86112	15277	275	1.8	IL0460100
Braidwood	IL	41.26451	-88.21761	6259	112	1.5	IL0990300
Breese	IL	38.60752	-89.60945	4621	26	1.5	IL0140200
Bridgeport	IL	38.7062	-87.76135	1658	197	1.5	IL0510100
Brighton	IL	39.2659	-89.92634	2151	0	1.5	IL0590200
Brookfield	IL	41.82252	-87.84271	18749	64	1.99	IL0161300
Buffalo Grove	IL	42.1529	-87.96767	43067	23	3.02	IL0161400
Bull Valley	IL	42.3243	-88.45225	1136	0	1.5	IL0562500
Burbank	IL	41.75574	-87.76213	28424	120	2.46	IL0168C00
Burnham	IL	41.89429	-87.64545	3888	253	1.5	IL0161500
Burr Ridge	IL	41.7501	-87.91556	11208	49	1.54	IL0223100
Byron	IL	42.12656	-89.25809	3759	0	1.5	IL0710600
Calumet Park	IL	41.6683	-87.65376	6725	877	1.5	IL0161800
Cambridge	IL	41.30275	-90.19631	2022	49	1.5	IL0370400
Campton Hills	IL	41.93959	-88.42804	10899	0	1.52	IL0453400
Canton	IL	40.55582	-90.03507	12787	292	1.65	IL0290200
Carbondale	IL	37.7861	-89.38121	22213	1121	2.17	IL0390100
Carlinville	IL	39.28597	-89.88165	5537	433	1.5	IL0590400
Carlyle	IL	38.61018	-89.36834	3200	94	1.5	IL0140300
Carmi	IL	38.09089	-88.15887	4640	108	1.5	IL0970100
Carol Stream	IL	41.91519	-88.12058	39506	124	2.9	IL0220400
Carpentersville	IL	41.93959	-88.42804	36955	138	2.8	IL0450300
Carrier Mills	IL	37.75165	-88.54503	1585	138	1.5	IL0830100
Carrollton	IL	39.30098	-90.40951	2349	0	1.5	IL0310100
Carterville	IL	37.76318	-89.07722	5812	103	1.5	IL1000100
Cary	IL	42.3243	-88.45225	18087	17	1.96	IL0560200
Casey	IL	39.29887	-87.99421	2362	169	1.5	IL0120100
Caseyville	IL	38.63727	-90.02657	4396	102	1.5	IL0820400
Catlin	IL	40.18674	-87.72677	1902	53	1.5	IL0920200
Centralia	IL	38.52579	-89.13332	11699	735	1.58	IL0610200
Champaign	IL	40.11634	-88.23911	92875	379	4.44	IL0100100
Channahon	IL	41.44	-88.2199	14629	55	1.76	IL0991800
Charleston	IL	39.49434	-88.17554	17307	266	1.92	IL0150200
Chatham	IL	39.67532	-89.70431	14696	177	1.77	IL0840400
Chenoa	IL	40.49456	-88.84454	1694	64	1.5	IL0570300
Cherry Valley	IL	42.3374	-89.1612	2887	238	1.5	IL1010100
Chester	IL	37.91468	-89.82105	6746	32	1.5	IL0790100
Chicago	IL	41.83084	-87.62327	2715488	222	9.0	ILCPD0000
Chicago Heights	IL	41.50243	-87.63595	26329	813	2.36	IL0161900
Chicago Ridge	IL	41.70279	-87.7793	13952	141	1.72	IL0162000
Chillicothe	IL	40.78599	-89.7671	6037	364	1.5	IL0720300
Chrisman	IL	39.80443	-87.67944	1266	158	1.5	IL0230100
Christopher	IL	37.99185	-88.92625	2606	288	1.5	IL0280200
Cicero	IL	41.84481	-87.74826	81401	181	4.16	IL0162100
Clarendon Hills	IL	41.79444	-87.96457	8707	14	1.5	IL0220500
Clinton	IL	40.15361	-88.96084	6858	540	1.5	IL0200100
Coal Valley	IL	41.4684	-90.5722	3885	0	1.5	IL0810300
Collinsville	IL	38.67059	-89.98798	23618	162	2.24	IL0600300
Colona	IL	41.35002	-90.13084	4941	132	1.5	IL0370500
Cortland	IL	41.9205	-88.68878	4642	65	1.5	IL0190700
Country Club Hills	IL	41.5717	-87.7067	16122	372	1.85	IL0162200
Countryside	IL	41.78973	-87.85888	6207	141	1.5	IL0162300
Crest Hill	IL	41.55195	-88.12135	20175	149	2.07	IL0990400
Crestwood	IL	41.64125	-87.73788	10473	115	1.5	IL0162400
Crete	IL	41.44389	-87.63252	8355	215	1.5	IL0990500
Crystal Lake	IL	42.3243	-88.45225	41838	110	2.98	IL0560300
Danvers	IL	40.49456	-88.84454	1074	0	1.5	IL0570700
Danville	IL	40.18674	-87.72677	27702	1401	2.42	IL0920300
Darien	IL	41.74437	-87.98603	22020	32	2.16	IL0222700
DeKalb	IL	41.89461	-88.76899	40558	274	2.93	IL0190800
Decatur	IL	39.83924	-88.95295	68221	696	3.8	IL0580200
Deerfield	IL	42.1687	-87.84616	19140	21	2.02	IL0490300
Des Plaines	IL	42.04213	-87.88869	58435	86	3.52	IL0162500
Diamond	IL	41.28837	-88.25866	2720	0	1.5	IL0996000
Dixon	IL	41.84211	-89.48344	15104	144	1.79	IL0520300
Downers Grove	IL	41.79532	-88.00707	50647	89	3.28	IL0220600
Du Quoin	IL	38.01012	-89.23596	5563	108	1.5	IL0730100
Dupo	IL	38.51907	-90.20963	3754	224	1.5	IL0820600
Durand	IL	42.3374	-89.1612	1382	0	1.5	IL1011000
Dwight	IL	41.09283	-88.42886	4034	85	1.5	IL0530100
Earlville	IL	41.34334	-88.88593	1595	63	1.5	IL0501100
East Alton	IL	38.82708	-89.90019	5585	469	1.5	IL0600400
East Dundee	IL	42.10149	-88.27788	3101	211	1.5	IL0450400
East Hazel Crest	IL	41.57681	-87.64854	1245	241	1.5	IL0162900
East Moline	IL	41.51527	-90.44048	20917	210	2.11	IL0810400
East Peoria	IL	40.66749	-89.58189	21921	274	2.16	IL0900300
Edinburg	IL	39.54552	-89.27959	1049	0	1.5	IL0110600
Edwardsville	IL	38.82708	-89.90019	26691	60	2.38	IL0600500
Effingham	IL	39.12043	-88.54066	12461	217	1.63	IL0250200
Elburn	IL	41.89222	-88.46986	6990	14	1.5	IL0450500
Eldorado	IL	37.81547	-88.4376	3547	987	1.5	IL0830200
Elgin	IL	42.0396	-88.28398	114717	146	4.93	IL0450600
Elk Grove Village	IL	42.00351	-88.00918	31583	63	2.59	IL0163000
Elmhurst	IL	41.89968	-87.93869	46205	26	3.13	IL0220700
Elmwood Park	IL	41.92342	-87.81194	23520	74	2.23	IL0163100
Elwood	IL	41.44847	-87.97846	2254	222	1.5	IL0991700
Erie	IL	41.75057	-89.91096	1485	0	1.5	IL0980900
Evanston	IL	42.04422	-87.68356	75562	124	4.0	IL0163200
Evergreen Park	IL	41.72214	-87.70191	19163	99	2.02	IL0163300
Fairbury	IL	40.74688	-88.51485	3556	276	1.5	IL0530300
Fairfield	IL	38.38038	-88.35778	4766	84	1.5	IL0960100
Fairmont City	IL	38.64528	-90.10748	2148	233	1.5	IL0822000
Fairview Heights	IL	38.4702	-89.92855	15980	388	1.84	IL0822400
Farmer City	IL	40.1815	-88.90185	1814	110	1.5	IL0200200
Farmington	IL	40.46569	-90.20679	2273	44	1.5	IL0290400
Fisher	IL	40.13915	-88.1972	2103	190	1.5	IL0100800
Flora	IL	38.66944	-88.48465	4611	87	1.5	IL0130200
Flossmoor	IL	41.54256	-87.68532	9303	35	1.5	IL0163400
Forest Park	IL	41.87675	-87.81457	13740	291	1.71	IL0163500
Forreston	IL	42.04188	-89.32018	1395	0	1.5	IL0710100
Fox Lake	IL	42.39391	-88.15559	10916	170	1.52	IL0490400
Fox River Grove	IL	42.19907	-88.21802	4763	46	1.5	IL0560400
Frankfort	IL	41.44847	-87.97846	21378	46	2.13	IL0990600
Franklin Park	IL	41.9368	-87.86413	18040	140	1.96	IL0163700
Freeport	IL	42.2976	-89.62384	22939	218	2.21	IL0890100
Fulton	IL	41.8663	-90.1655	3565	112	1.5	IL0980200
Galesburg	IL	40.94573	-90.37114	29128	450	2.49	IL0480400
Geneseo	IL	41.45287	-90.15398	6493	31	1.5	IL0370700
Geneva	IL	41.93959	-88.42804	21126	66	2.12	IL0450700
Germantown	IL	38.60642	-89.42314	1402	0	1.5	IL0141300
Gilberts	IL	42.10557	-88.37536	9261	11	1.5	IL0452100
Glen Carbon	IL	38.82708	-89.90019	13890	94	1.72	IL0602300
Glen Ellyn	IL	41.87545	-88.06578	28855	32	2.47	IL0220900
Glencoe	IL	42.13335	-87.75761	8694	0	1.5	IL0163800
Glendale Heights	IL	41.85206	-88.08604	32808	58	2.64	IL0220800
Glenview	IL	41.89429	-87.64545	47409	70	3.17	IL0163900
Glenwood	IL	41.89429	-87.64545	8352	144	1.5	IL0164000
Goreville	IL	37.46071	-88.88213	1052	0	1.5	IL0440200
Granite City	IL	38.70479	-90.13999	26691	621	2.38	IL0600700
Grayslake	IL	42.34364	-88.04026	24803	31	2.29	IL0490500
Greenville	IL	38.88931	-89.41342	7100	15	1.5	IL0030100
Gurnee	IL	42.35792	-87.91447	30518	147	2.54	IL0490600
Hampshire	IL	41.93959	-88.42804	9202	87	1.5	IL0450800
Hanover Park	IL	41.99101	-88.15823	36523	71	2.78	IL0164200
Harrisburg	IL	37.7384	-88.54032	7860	42	1.5	IL0830300
Harvard	IL	42.3243	-88.45225	9396	138	1.5	IL0560500
Harvey	IL	41.61171	-87.67151	19668	524	2.04	IL0164300
Harwood Heights	IL	41.96358	-87.81066	8688	115	1.5	IL0164400
Havana	IL	40.30125	-90.0627	2795	859	1.5	IL0630100
Hawthorn Woods	IL	42.21765	-88.05431	9711	0	1.5	IL0493800
Hazel Crest	IL	41.89429	-87.64545	12941	389	1.66	IL0164500
Hebron	IL	42.3243	-88.45225	1399	0	1.5	IL0560600
Henry	IL	41.11076	-89.36613	2288	0	1.5	IL0620100
Herrin	IL	37.79579	-89.0197	12230	213	1.61	IL1000200
Heyworth	IL	40.49456	-88.84454	2906	34	1.5	IL0570400
Hickory Hills	IL	41.73274	-87.83824	14035	50	1.73	IL0164600
Highland	IL	38.74216	-89.68414	10015	75	1.5	IL0600900
Highland Park	IL	42.17492	-87.82112	30956	35	2.56	IL0490700
Highwood	IL	42.20194	-87.80959	5430	80	1.5	IL0490800
Hillsboro	IL	39.1582	-89.49347	6287	80	1.5	IL0680100
Hillside	IL	41.87896	-87.90815	7970	201	1.5	IL0164700
Hinckley	IL	41.76716	-88.65171	1971	0	1.5	IL0190200
Hinsdale	IL	41.85206	-88.08604	17656	34	1.94	IL0221000
Hodgkins	IL	41.78311	-87.85696	1485	202	1.5	IL0164900
Hoffman Estates	IL	42.04832	-88.10774	50564	67	3.28	IL0165000
Homewood	IL	41.56338	-87.66544	18646	145	1.99	IL0165200
Hoopeston	IL	40.46727	-87.67364	4640	280	1.5	IL0920600
Hopedale	IL	40.50807	-89.51626	1100	0	1.5	IL0900400
Hudson	IL	40.49456	-88.84454	1768	0	1.5	IL0571100
Huntley	IL	42.3243	-88.45225	28679	42	2.47	IL0560700
Ina	IL	38.30078	-88.92421	1648	0	1.5	IL0410700
Inverness	IL	42.12435	-88.07835	7387	0	1.5	IL0165400
Island Lake	IL	42.32644	-87.43612	8074	12	1.5	IL0492400
Itasca	IL	41.98159	-87.99812	9497	32	1.5	IL0221100
Jacksonville	IL	39.73609	-90.22916	17692	153	1.94	IL0690100
Jerseyville	IL	39.11899	-90.32587	8357	96	1.5	IL0420200
Joliet	IL	41.52394	-88.08508	152211	307	5.68	IL0990700
Justice	IL	41.74839	-87.84032	12194	8	1.61	IL0165500
Kenilworth	IL	42.08655	-87.71656	2420	0	1.5	IL0165600
Kildeer	IL	42.18026	-88.05791	4681	21	1.5	IL0493600
Kirkland	IL	41.89461	-88.76899	1615	0	1.5	IL0190900
Knoxville	IL	40.93094	-90.21376	2827	35	1.5	IL0480500
La Grange	IL	41.8151	-87.87351	15856	69	1.83	IL0165700
La Grange Park	IL	41.82238	-87.87375	13402	8	1.69	IL0165800
La Salle	IL	41.32929	-89.09497	9389	128	1.5	IL0500100
Lacon	IL	41.02464	-89.40965	1830	0	1.5	IL0620200
Lake Bluff	IL	42.27887	-87.84415	5598	36	1.5	IL0490900
Lake Forest	IL	42.24789	-87.8556	19716	25	2.05	IL0491000
Lake Villa	IL	42.41642	-88.08124	8740	126	1.5	IL0491100
Lake Zurich	IL	42.19486	-88.08641	20004	55	2.06	IL0491200
Lake in the Hills	IL	42.18684	-88.33031	28651	80	2.47	IL0560900
Lakemoor	IL	42.33044	-88.20246	6522	33	1.5	IL0561600
Lakewood	IL	42.23349	-88.36453	4291	0	1.5	IL0561700
Lanark	IL	42.10295	-89.83307	1451	0	1.5	IL0080200
Lansing	IL	41.89429	-87.64545	27898	470	2.43	IL0165900
Lawrenceville	IL	38.72942	-87.67799	4346	46	1.5	IL0510200
Le Roy	IL	40.34613	-88.75931	3489	86	1.5	IL0570500
Lebanon	IL	38.60394	-89.81189	4599	119	1.5	IL0820900
Lemont	IL	41.657	-87.9794	18306	38	1.97	IL0166000
Lexington	IL	40.64155	-88.78368	2097	72	1.5	IL0570600
Libertyville	IL	42.28779	-87.95165	20663	34	2.09	IL0491300
Lincoln	IL	40.1461	-89.35941	12998	254	1.66	IL0540200
Lincolnshire	IL	42.32644	-87.43612	8025	54	1.5	IL0492900
Lincolnwood	IL	41.89429	-87.64545	12968	54	1.66	IL0166100
Lindenhurst	IL	42.415	-88.04038	14612	55	1.76	IL0493000
Lisle	IL	41.79429	-88.0768	23520	72	2.23	IL0221200
Litchfield	IL	39.17634	-89.65514	6545	317	1.5	IL0680200
Lockport	IL	41.58932	-88.02601	27110	85	2.4	IL0990800
Lombard	IL	41.86752	-88.01246	44509	76	3.07	IL0221300
Loves Park	IL	42.31327	-89.05508	23696	203	2.24	IL1010200
Lovington	IL	39.71558	-88.63247	1010	324	1.5	IL0700200
Machesney Park	IL	42.27209	-89.09654	22816	188	2.2	IL1011700
Mackinaw	IL	40.53695	-89.35822	1840	0	1.5	IL0901100
Mahomet	IL	40.1919	-88.40382	10922	176	1.52	IL0100300
Manhattan	IL	41.44847	-87.97846	11108	18	1.54	IL0991600
Manito	IL	40.42585	-89.77962	1472	0	1.5	IL0630300
Manteno	IL	41.25183	-87.83378	9255	106	1.5	IL0460500
Maple Park	IL	41.93959	-88.42804	1494	0	1.5	IL0451800
Marion	IL	37.73076	-88.92611	17069	434	1.9	IL1000400
Marissa	IL	38.24658	-89.7541	1722	116	1.5	IL0821000
Marseilles	IL	41.34334	-88.88593	4766	126	1.5	IL0500300
Marshall	IL	39.33236	-87.79169	3844	142	1.5	IL0120200
Martinsville	IL	39.33236	-87.79169	1076	0	1.5	IL0120300
Maryville	IL	38.72767	-89.95656	8375	78	1.5	IL0601200
Mascoutah	IL	38.4702	-89.92855	9205	65	1.5	IL0821100
Mattoon	IL	39.51368	-88.22078	16540	387	1.87	IL0150300
McHenry	IL	42.33222	-88.26723	29207	45	2.49	IL0561200
McLeansboro	IL	38.09288	-88.53666	2579	174	1.5	IL0330100
Melrose Park	IL	41.89036	-87.85655	23827	155	2.25	IL0166800
Mendota	IL	41.54763	-89.11985	6893	58	1.5	IL0500400
Metropolis	IL	37.15763	-88.72935	5733	209	1.5	IL0640300
Midlothian	IL	41.62365	-87.71761	13775	123	1.71	IL0167000
Milan	IL	41.4684	-90.5722	5018	658	1.5	IL0810500
Millstadt	IL	38.45978	-90.09284	3929	51	1.5	IL0821200
Minier	IL	40.50807	-89.51626	1132	88	1.5	IL0900600
Minooka	IL	41.44803	-88.2607	12945	62	1.66	IL0320600
Mokena	IL	41.5332	-87.88261	19928	35	2.06	IL0992200
Moline	IL	41.51482	-90.44254	42331	413	3.0	IL0810600
Momence	IL	41.1621	-87.66364	3152	54	1.5	IL0460400
Monee	IL	41.4188	-87.74212	5145	133	1.5	IL0990900
Monmouth	IL	40.90754	-90.64841	8571	93	1.5	IL0940300
Montgomery	IL	41.93959	-88.42804	22357	185	2.18	IL0450900
Morris	IL	41.36194	-88.42277	14677	143	1.76	IL0320400
Morrison	IL	41.80967	-89.9679	3968	126	1.5	IL0980400
Morton	IL	40.60525	-89.47121	17653	45	1.94	IL0900700
Morton Grove	IL	42.03814	-87.77917	24287	30	2.27	IL0167100
Mount Carmel	IL	38.40969	-87.76056	6720	134	1.5	IL0930100
Mount Carroll	IL	42.10048	-89.97884	1422	0	1.5	IL0080400
Mount Prospect	IL	42.06295	-87.93516	55157	54	3.42	IL0167200
Mount Pulaski	IL	40.00942	-89.28384	1500	0	1.5	IL0540300
Mount Sterling	IL	39.98591	-90.76588	2039	0	1.5	IL0050100
Mount Vernon	IL	38.31904	-88.90389	14062	654	1.73	IL0410100
Mount Zion	IL	39.77195	-88.87489	5868	41	1.5	IL0580400
Mundelein	IL	42.25907	-88.00398	32923	51	2.64	IL0491400
Murphysboro	IL	37.7861	-89.38121	7036	574	1.5	IL0390200
Naperville	IL	41.7664	-88.17647	154062	55	5.72	IL0221400
Neoga	IL	39.27312	-88.24062	1380	124	1.5	IL0180200
New Athens	IL	38.31745	-89.87143	1851	65	1.5	IL0821500
New Baden	IL	38.53508	-89.69929	3388	89	1.5	IL0140400
New Lenox	IL	41.51193	-87.97947	28798	56	2.47	IL0991500
Niles	IL	42.01199	-87.80143	29705	40	2.51	IL0167300
Nokomis	IL	39.22809	-89.478	2113	142	1.5	IL0680300
Normal	IL	40.50764	-88.98287	53374	376	3.37	IL0570200
Norridge	IL	41.95299	-87.81464	14723	88	1.77	IL0167400
Norris City	IL	37.97784	-88.3289	1091	0	1.5	IL0970300
North Chicago	IL	42.326	-87.85609	30614	186	2.55	IL0491500
North Pekin	IL	40.56708	-89.6551	1431	349	1.5	IL0900800
North Riverside	IL	41.84688	-87.82307	7104	113	1.5	IL0167800
Northbrook	IL	42.12738	-87.85842	34398	26	2.7	IL0167500
Northfield	IL	42.10059	-87.72659	5597	58	1.5	IL0167600
Northlake	IL	41.90722	-87.90108	12345	170	1.62	IL0167700
O'Fallon	IL	38.59016	-89.89259	32108	128	2.61	IL0821600
Oak Brook	IL	41.8326	-87.93977	8198	61	1.5	IL0221500
Oak Forest	IL	41.61132	-87.75629	26677	49	2.38	IL0167900
Oak Lawn	IL	41.7216	-87.75278	56136	89	3.45	IL0168000
Oak Park	IL	41.89429	-87.64545	52550	192	3.34	IL0168100
Oakbrook Terrace	IL	41.85206	-88.08604	2725	120	1.5	IL0222900
Oakwood	IL	40.18674	-87.72677	1263	79	1.5	IL0921300
Oakwood Hills	IL	42.25247	-88.25584	2057	58	1.5	IL0561800
Oblong	IL	39.00067	-87.90891	1344	99	1.5	IL0170100
Oglesby	IL	41.2951	-89.0616	3610	55	1.5	IL0500600
Olney	IL	38.72845	-88.08486	8367	143	1.5	IL0800100
Olympia Fields	IL	41.51637	-87.70654	4564	219	1.5	IL0168200
Oregon	IL	42.01481	-89.33118	3555	141	1.5	IL0710300
Orion	IL	41.35261	-90.38153	1704	0	1.5	IL0371000
Orland Park	IL	41.89429	-87.64545	57891	19	3.5	IL0168300
Oswego	IL	41.69313	-88.3298	39860	73	2.91	IL0470300
Ottawa	IL	41.34995	-88.84418	18764	288	2.0	IL0500700
Palatine	IL	42.11424	-88.09946	65532	82	3.73	IL0168400
Palos Heights	IL	41.67511	-87.80669	12007	100	1.6	IL0168500
Palos Hills	IL	41.70375	-87.83089	17919	56	1.95	IL0168600
Palos Park	IL	41.66712	-87.83998	4794	0	1.5	IL0168700
Pana	IL	39.38772	-89.08104	4998	20	1.5	IL0110100
Paris	IL	39.67904	-87.74711	8032	421	1.5	IL0230300
Park Forest	IL	41.48486	-87.67917	20869	240	2.1	IL0168800
Park Ridge	IL	42.00868	-87.83038	38187	45	2.85	IL0168900
Pawnee	IL	39.75634	-89.66231	2702	0	1.5	IL0840600
Paxton	IL	40.46035	-88.09756	4392	0	1.5	IL0270200
Pecatonica	IL	42.3374	-89.1612	2053	53	1.5	IL1010300
Pekin	IL	40.56806	-89.64957	31128	488	2.57	IL0900900
Peoria	IL	40.6963	-89.58248	111389	1181	4.86	IL0720700
Peoria Heights	IL	40.74634	-89.574	5779	245	1.5	IL0720900
Peotone	IL	41.44847	-87.97846	4247	0	1.5	IL0991000
Peru	IL	41.32766	-89.1253	9764	61	1.5	IL0500800
Phoenix	IL	41.61491	-87.63213	1637	0	1.5	IL0169000
Pinckneyville	IL	38.0794	-89.38293	4938	66	1.5	IL0730200
Pingree Grove	IL	41.93959	-88.42804	11809	51	1.58	IL0451100
Pittsfield	IL	39.60834	-90.80457	4017	190	1.5	IL0750300
Plainfield	IL	41.44847	-87.97846	49912	54	3.25	IL0991100
Plano	IL	41.66358	-88.53747	12878	84	1.65	IL0470100
Polo	IL	41.98591	-89.57758	2227	225	1.5	IL0710400
Pontiac	IL	40.88129	-88.62978	11016	354	1.53	IL0530200
Pontoon Beach	IL	38.7454	-90.07148	5842	448	1.5	IL0602100
Posen	IL	41.62634	-87.67991	5374	325	1.5	IL0169100
Prairie Grove	IL	42.28973	-88.2617	1950	103	1.5	IL0562600
Princeton	IL	41.38427	-89.45636	7623	39	1.5	IL0060400
Prophetstown	IL	41.66992	-89.93645	1898	0	1.5	IL0980500
Prospect Heights	IL	42.09529	-87.93548	15462	45	1.81	IL0169G00
Rantoul	IL	40.312	-88.15828	12254	490	1.61	IL0100400
Red Bud	IL	38.21173	-89.99301	3756	0	1.5	IL0790200
Richmond	IL	42.46641	-88.30669	2133	0	1.5	IL0561300
Richton Park	IL	41.4843	-87.72464	12446	228	1.63	IL0169200
River Forest	IL	41.88701	-87.81961	11833	110	1.58	IL0169400
River Grove	IL	41.89429	-87.64545	10387	101	1.5	IL0169500
Riverdale	IL	41.64453	-87.63975	10221	427	1.5	IL0169300
Riverside	IL	41.82658	-87.81881	8891	45	1.5	IL0169600
Riverton	IL	39.85992	-89.5331	3475	230	1.5	IL0840700
Riverwoods	IL	42.15902	-87.89713	3784	0	1.5	IL0490200
Robinson	IL	39.00373	-87.75717	7032	405	1.5	IL0170300
Rochelle	IL	41.92294	-89.06758	9520	189	1.5	IL0710500
Rochester	IL	39.75634	-89.66231	4091	73	1.5	IL0840900
Rock Falls	IL	41.77231	-89.69752	8575	397	1.5	IL0980600
Rock Island	IL	41.50938	-90.57731	36292	449	2.78	IL0810800
Rockdale	IL	41.50568	-88.10784	1974	203	1.5	IL0991200
Rockford	IL	42.27209	-89.09654	147186	751	5.59	IL1010400
Rockton	IL	42.4525	-89.07227	7862	51	1.5	IL1010500
Rolling Meadows	IL	42.08015	-88.02531	23621	76	2.24	IL0169800
Romeoville	IL	41.6445	-88.08079	41271	124	2.96	IL0991300
Roscoe	IL	42.41403	-89.00949	10986	64	1.53	IL1010600
Rosemont	IL	41.89429	-87.64545	3793	95	1.5	IL0169900
Rossville	IL	40.37925	-87.66816	1149	0	1.5	IL0921000
Round Lake	IL	42.32644	-87.43612	18645	54	1.99	IL0491600
Round Lake Beach	IL	42.32644	-87.43612	27062	67	2.4	IL0491700
Round Lake Heights	IL	42.32644	-87.43612	2595	231	1.5	IL0491800
Round Lake Park	IL	42.32644	-87.43612	7880	25	1.5	IL0491900
Roxana	IL	38.84608	-90.07892	1398	234	1.5	IL0601300
Rushville	IL	40.12147	-90.56469	2889	104	1.5	IL0850100
Salem	IL	38.6262	-88.9427	6953	388	1.5	IL0610400
Sandwich	IL	41.64361	-88.61766	7321	68	1.5	IL0190300
Sauk Village	IL	41.89429	-87.64545	9563	285	1.5	IL0161A00
Schaumburg	IL	42.02647	-88.10294	76773	64	4.04	IL0162A00
Seneca	IL	41.34334	-88.88593	2301	43	1.5	IL0500900
Shelbyville	IL	39.40646	-88.79211	4513	76	1.5	IL0870200
Shiloh	IL	38.55872	-89.89787	14912	121	1.78	IL0822500
Shorewood	IL	41.52325	-88.10319	18608	54	1.99	IL0992100
Silvis	IL	41.51185	-90.41382	8005	300	1.5	IL0810900
Skokie	IL	42.01612	-87.76066	65401	133	3.73	IL0164A00
Sleepy Hollow	IL	41.93959	-88.42804	3121	0	1.5	IL0451200
Smithton	IL	38.40803	-89.99219	3860	26	1.5	IL0822800
Somonauk	IL	41.89461	-88.76899	1756	0	1.5	IL0190400
South Barrington	IL	42.07721	-88.14114	5060	22	1.5	IL0165A00
South Beloit	IL	42.49031	-89.03842	7983	195	1.5	IL1010700
South Chicago Heights	IL	41.48922	-87.63642	3859	337	1.5	IL0166A00
South Elgin	IL	41.99414	-88.29565	25198	99	2.31	IL0451300
South Holland	IL	41.60041	-87.61004	20625	212	2.09	IL0167A00
South Jacksonville	IL	39.7106	-90.23164	3174	32	1.5	IL0690400
South Roxana	IL	38.83163	-90.06309	1840	380	1.5	IL0601900
Southern View	IL	39.75364	-89.64956	1542	324	1.5	IL0841500
Sparta	IL	38.12216	-89.70192	4780	272	1.5	IL0790300
Spring Grove	IL	42.43401	-88.23778	5573	126	1.5	IL0561900
Spring Valley	IL	41.32648	-89.19818	5362	56	1.5	IL0060600
Springfield	IL	39.79938	-89.645	112595	754	4.89	IL0840200
St. Anne	IL	41.13951	-87.86112	1124	194	1.5	IL0460600
St. Charles	IL	41.91517	-88.3136	33584	75	2.67	IL0451400
St. Elmo	IL	39.02734	-88.84875	1237	0	1.5	IL0260200
Steger	IL	41.4698	-87.63783	9326	279	1.5	IL0168A00
Sterling	IL	41.78824	-89.69141	14461	277	1.75	IL0980700
Stickney	IL	41.82141	-87.78656	6856	73	1.5	IL0169A00
Stockton	IL	42.36239	-90.21147	1653	0	1.5	IL0430500
Stone Park	IL	41.90111	-87.88374	4451	98	1.5	IL0161B00
Streamwood	IL	42.01062	-88.16846	38094	100	2.84	IL0162B00
Streator	IL	41.11923	-88.83553	12242	302	1.61	IL0501000
Sugar Grove	IL	41.93959	-88.42804	9359	0	1.5	IL0451500
Sullivan	IL	39.59698	-88.60842	4273	51	1.5	IL0700300
Summit	IL	41.78578	-87.8111	10675	103	1.51	IL0163B00
Sumner	IL	38.71895	-87.73022	2586	39	1.5	IL0510300
Swansea	IL	38.53059	-89.98391	14470	55	1.75	IL0822300
Sycamore	IL	41.89461	-88.76899	19042	37	2.01	IL0190500
Taylorville	IL	39.55031	-89.29512	10205	170	1.5	IL0110200
Thornton	IL	41.57647	-87.6097	2281	658	1.5	IL0164B00
Tilton	IL	40.18674	-87.72677	2508	80	1.5	IL0921100
Tinley Park	IL	41.55835	-87.80897	54618	90	3.4	IL0165M00
Tolono	IL	40.13915	-88.1972	3581	28	1.5	IL0100500
Toulon	IL	41.09691	-89.79741	1160	172	1.5	IL0880100
Tower Lakes	IL	42.15143	-88.13609	1211	0	1.5	IL0493300
Tremont	IL	40.50807	-89.51626	2240	0	1.5	IL0901300
Trenton	IL	38.60311	-89.68259	2649	0	1.5	IL0140500
Troy	IL	38.72916	-89.88377	11901	17	1.59	IL0601400
Tuscola	IL	39.80053	-88.28938	4661	172	1.5	IL0210500
University Park	IL	41.44679	-87.68649	7021	233	1.5	IL0992000
Urbana	IL	39.96348	-88.34521	40076	432	2.92	IL0100600
Vandalia	IL	38.96043	-89.09611	7334	134	1.5	IL0260400
Vernon Hills	IL	42.23807	-87.95805	27046	85	2.4	IL0492600
Vienna	IL	37.41625	-88.89602	1350	222	1.5	IL0440100
Villa Park	IL	41.88882	-87.98179	21974	124	2.16	IL0221700
Warren	IL	42.36239	-90.21147	1263	0	1.5	IL0430600
Warrenville	IL	41.85206	-88.08604	15685	48	1.82	IL0222500
Waterman	IL	41.89461	-88.76899	1574	0	1.5	IL0190600
Watseka	IL	40.74887	-87.8336	4453	202	1.5	IL0380100
Waukegan	IL	42.36095	-87.83479	88433	355	4.33	IL0492100
West Chicago	IL	41.88019	-88.20073	25446	149	2.32	IL0221900
West Dundee	IL	42.09107	-88.28861	7912	101	1.5	IL0451700
West Frankfort	IL	37.89933	-88.92663	7100	131	1.5	IL0280500
Westchester	IL	41.89429	-87.64545	16187	0	1.85	IL0166B00
Western Springs	IL	41.81007	-87.89799	13515	7	1.69	IL0167B00
Westmont	IL	41.80669	-87.97578	24282	41	2.27	IL0222000
Westville	IL	40.04131	-87.63856	3003	366	1.5	IL0921200
Wheaton	IL	41.86406	-88.11937	53702	35	3.38	IL0222100
Wheeling	IL	42.13943	-87.92131	38111	68	2.84	IL0169B00
White Hall	IL	39.43682	-90.40341	2151	112	1.5	IL0310400
Willow Springs	IL	41.89429	-87.64545	5779	21	1.5	IL0161C00
Willowbrook	IL	41.748	-87.9408	9169	65	1.5	IL0223000
Wilmette	IL	41.89429	-87.64545	27288	15	2.41	IL0162C00
Wilmington	IL	41.30839	-88.14588	5624	231	1.5	IL0991400
Winfield	IL	41.85206	-88.08604	10300	42	1.5	IL0222200
Winnebago	IL	42.26622	-89.24155	2903	113	1.5	IL1010900
Winnetka	IL	42.12675	-87.75121	12445	8	1.63	IL0163C00
Wonder Lake	IL	42.39092	-88.36928	5697	84	1.5	IL0562200
Wood Dale	IL	41.96867	-87.97883	13971	57	1.72	IL0222300
Wood River	IL	38.86199	-90.09821	10205	225	1.5	IL0601600
Woodridge	IL	41.75692	-88.04532	34100	41	2.69	IL0222400
Woodstock	IL	42.30901	-88.4398	25952	92	2.35	IL0561500
Worden	IL	38.82708	-89.90019	1064	0	1.5	IL0602600
Worth	IL	41.69004	-87.79561	10593	217	1.5	IL0164C00
Yorkville	IL	41.65422	-88.45092	27164	77	2.4	IL0470200
Zion	IL	42.44982	-87.84084	24546	347	2.28	IL0492300
Bayside	WI	43.18122	-87.90512	4305	0	1.5	WI0410100
Big Bend	WI	43.01931	-88.30671	1504	0	1.5	WI0682600
Bloomfield	WI	42.66811	-88.54173	6561	0	1.5	WI0650700
Brookfield	WI	43.05865	-88.12605	41216	129	2.96	WI0680100
Brookfield Township	WI	43.03896	-88.15665	6467	27	1.5	WI0681800
Brown Deer	WI	43.18167	-87.97136	12520	204	1.63	WI0410200
Burlington	WI	42.67881	-88.27432	10913	124	1.52	WI0520100
Butler	WI	43.10463	-88.06866	1765	97	1.5	WI0680900
Caledonia	WI	42.8132	-87.89482	25216	42	2.31	WI0520300
Cedarburg	WI	43.36071	-87.49655	13222	78	1.68	WI0460300
Cudahy	WI	43.01765	-87.48155	17572	78	1.93	WI0410300
Delavan	WI	42.63253	-88.64688	10723	154	1.51	WI0650100
Delavan Town	WI	42.66811	-88.54173	5163	87	1.5	WI0651700
East Troy	WI	42.78962	-88.39011	5098	206	1.5	WI0651000
Elkhorn	WI	42.67884	-88.54243	10086	119	1.5	WI0650200
Elm Grove	WI	43.0457	-88.08179	6380	27	1.5	WI0680200
Fontana	WI	42.66811	-88.54173	1857	0	1.5	WI0651100
Fox Point	WI	43.01765	-87.48155	6507	0	1.5	WI0410400
Franklin	WI	42.89411	-88.03276	36675	25	2.79	WI0410500
Geneva Town	WI	42.61923	-88.48716	5478	31	1.5	WI0651200
Genoa City	WI	42.66811	-88.54173	2885	0	1.5	WI0651300
Germantown	WI	43.39116	-88.23292	21062	43	2.11	WI0670100
Glendale	WI	43.12297	-87.92733	14630	185	1.76	WI0410600
Grafton	WI	43.36071	-87.49655	12910	46	1.66	WI0460400
Greendale	WI	42.94487	-87.98704	14351	52	1.75	WI0410700
Greenfield	WI	42.95941	-87.98092	37076	83	2.8	WI0410800
Hales Corners	WI	42.94154	-88.06192	7773	44	1.5	WI0410900
Hartland	WI	43.10336	-88.34796	10381	66	1.5	WI0681100
Jackson	WI	43.39116	-88.23292	8247	42	1.5	WI0670700
Kenosha	WI	42.5797	-87.4249	99483	300	4.59	WI0300100
Kewaskum	WI	43.39116	-88.23292	4629	0	1.5	WI0670300
Lake Geneva	WI	42.66811	-88.54173	8789	39	1.5	WI0650300
Linn Township	WI	42.66811	-88.54173	2707	0	1.5	WI0650600
Menomonee Falls	WI	43.01931	-88.30671	41236	62	2.96	WI0680300
Mequon	WI	43.22352	-87.98965	25378	7	2.32	WI0460100
Milwaukee	WI	43.04385	-87.90265	559717	1001	9.0	WIMPD0000
Mount Pleasant	WI	42.69744	-87.85576	28292	75	2.45	WI0520700
Mukwonago	WI	42.85714	-88.32862	8562	140	1.5	WI0681200
Mukwonago Town	WI	43.01931	-88.30671	7835	22	1.5	WI0683300
Muskego	WI	43.01931	-88.30671	25927	46	2.35	WI0680600
New Berlin	WI	43.01931	-88.30671	40264	64	2.92	WI0680400
Oak Creek	WI	42.872	-87.9091	38780	81	2.87	WI0411000
Oconomowoc	WI	43.11062	-88.49734	20479	126	2.08	WI0680800
Pewaukee Village	WI	43.0818	-88.25648	8232	73	1.5	WI0681400
Pleasant Prairie	WI	42.55207	-87.89208	21937	287	2.16	WI0300800
Port Washington	WI	43.36071	-87.49655	12830	40	1.65	WI0460200
Racine	WI	42.72528	-87.78941	78032	342	4.07	WI0520200
River Hills	WI	43.1634	-87.91627	1527	0	1.5	WI0411100
Saukville	WI	43.38406	-87.93195	4318	79	1.5	WI0460600
Shorewood	WI	43.08808	-87.88501	13433	26	1.69	WI0411300
Slinger	WI	43.39116	-88.23292	6546	105	1.5	WI0670500
South Milwaukee	WI	42.90762	-87.87176	20084	187	2.06	WI0411400
St. Francis	WI	42.96717	-87.8727	8895	51	1.5	WI0411200
Summit	WI	43.07397	-88.48105	5482	94	1.5	WI0681600
Thiensville	WI	43.23217	-87.9794	3303	0	1.5	WI0460500
Town of East Troy	WI	42.66811	-88.54173	3995	0	1.5	WI0650900
Walworth	WI	42.66811	-88.54173	2755	0	1.5	WI0650400
Waukesha	WI	43.02879	-88.24285	71542	65	3.9	WI0680500
West Allis	WI	43.01765	-87.48155	59618	141	3.56	WI0411600
West Bend	WI	43.40615	-88.18114	32251	99	2.62	WI0670400
West Milwaukee	WI	43.01785	-87.97316	3966	648	1.5	WI0411700
Whitefish Bay	WI	43.11325	-87.90008	14422	59	1.75	WI0411800
Williams Bay	WI	42.66811	-88.54173	2962	0	1.5	WI0651600
